antecedent,consequent,support,confidence,lift,leverage,conviction,n_items
wipes,"diapers, formula",0.18,0.7758620689655171,4.11962160512664,0.13630666666666666,3.621282051282049,3
"diapers, formula",wipes,0.18,0.9557522123893806,4.11962160512664,0.13630666666666666,17.356800000000018,3
"diapers, wipes",formula,0.18,0.9473684210526315,4.014272970561998,0.13516,14.515999999999986,3
formula,"diapers, wipes",0.18,0.7627118644067796,4.014272970561998,0.13516,3.4135714285714283,3
"apples, beer",bananas,0.03133333333333333,0.8103448275862069,3.927357807364492,0.023355111111111108,4.184787878787877,3
"bananas, eggs",apples,0.035333333333333335,0.8548387096774194,3.9212784847588047,0.026322666666666668,5.387111111111112,3
"bananas, salsa",apples,0.04633333333333333,0.8128654970760233,3.728740812275336,0.03390733333333333,4.178812499999998,3
coffee,"cream, sugar",0.215,0.8042394014962594,3.7118741607519663,0.15707777777777776,4.001486199575372,3
"cream, sugar",coffee,0.215,0.9923076923076922,3.7118741607519663,0.15707777777777776,95.24666666666563,3
"apples, cream",bananas,0.04666666666666667,0.7650273224043717,3.707725310521995,0.03408033333333334,3.3776976744186054,3
"bananas, diapers",apples,0.051666666666666666,0.8031088082901554,3.6839853591291534,0.037641999999999995,3.971736842105263,3
"bananas, sugar",apples,0.046,0.8023255813953488,3.680392575208022,0.033501333333333334,3.956,3
"apples, pasta",bananas,0.069,0.7582417582417583,3.6748388929325926,0.05022366666666667,3.2828939393939405,3
"bananas, butter",apples,0.079,0.7953020134228188,3.648174373499169,0.05734533333333333,3.820262295081968,3
apples,"bananas, butter",0.079,0.3623853211009174,3.648174373499169,0.05734533333333333,1.4125563549160671,3
"bananas, bread",apples,0.07866666666666666,0.7946127946127945,3.6450128193247457,0.05708466666666666,3.8074426229508185,3
apples,"bananas, bread",0.07866666666666666,0.36085626911314983,3.6450128193247457,0.05708466666666666,1.4096985645933013,3
sugar,"coffee, cream",0.215,0.7962962962962963,3.6415989159891597,0.15596,3.8356363636363633,3
"coffee, cream",sugar,0.215,0.9832317073170731,3.6415989159891593,0.15596,43.534545454545274,3
"apples, sugar",bananas,0.046,0.75,3.6348949919224554,0.03334488888888889,3.1746666666666665,3
"apples, pasta_sauce",bananas,0.06766666666666667,0.7490774907749077,3.630424026372735,0.049027888888888885,3.162995098039215,3
"apples, eggs",bananas,0.035333333333333335,0.7464788732394366,3.617829757218594,0.02556688888888889,3.130574074074074,3
"bananas, coffee",apples,0.04466666666666667,0.7882352941176471,3.6157582298974638,0.03231333333333333,3.6927777777777795,3
"bananas, milk",apples,0.050333333333333334,0.7864583333333334,3.6076070336391437,0.036381333333333335,3.6620487804878055,3
"bananas, cereal",apples,0.051,0.7846153846153845,3.5991531404375436,0.036829999999999995,3.6307142857142836,3
"bananas, chips",apples,0.06666666666666667,0.784313725490196,3.59776938298255,0.04813666666666666,3.6256363636363615,3
cream,"coffee, sugar",0.215,0.7789855072463767,3.5842891437716724,0.155016,3.5412459016393427,3
"coffee, sugar",cream,0.215,0.9892638036809817,3.5842891437716724,0.155016,67.43542857142896,3
"bananas, pasta_sauce",apples,0.06766666666666667,0.7777777777777778,3.567787971457696,0.04870066666666667,3.519,3
"bananas, cream",apples,0.04666666666666667,0.7777777777777778,3.567787971457696,0.03358666666666667,3.519,3
"apples, soda",bananas,0.04066666666666666,0.7349397590361445,3.5619051326469036,0.029249555555555553,2.994287878787878,3
"bananas, formula",apples,0.037,0.7762237762237761,3.560659523962276,0.026608666666666662,3.494562499999999,3
"bananas, parmesan",apples,0.034666666666666665,0.7761194029850745,3.5601807476379568,0.02492933333333333,3.492933333333332,3
"apples, salsa",bananas,0.04633333333333333,0.731578947368421,3.5456168693138332,0.03326555555555555,2.956797385620914,3
"bananas, pasta",apples,0.069,0.7723880597014926,3.543064494043544,0.04952533333333334,3.435672131147542,3
"apples, formula",bananas,0.037,0.7302631578947368,3.539239860556075,0.026545777777777776,2.942373983739837,3
"apples, chips",bananas,0.06666666666666667,0.7299270072992701,3.53761069773475,0.047821555555555555,2.9387117117117114,3
"apples, parmesan",bananas,0.034666666666666665,0.7272727272727272,3.524746658833896,0.02483144444444444,2.91011111111111,3
bananas,"apples, bread",0.07866666666666666,0.3812600969305331,3.5193239716664593,0.056313888888888886,1.4411009573542208,3
"apples, bread",bananas,0.07866666666666666,0.726153846153846,3.519323971666459,0.056313888888888886,2.89822097378277,3
"apples, milk",bananas,0.050333333333333334,0.7259615384615385,3.518391947309557,0.036027555555555556,2.8961871345029246,3
"apples, coffee",bananas,0.04466666666666667,0.7243243243243244,3.510457145352137,0.03194277777777778,2.8789869281045752,3
"bananas, wipes",formula,0.03666666666666667,0.8270676691729323,3.5045240219192046,0.026203999999999998,4.41791304347826,3
bananas,apples,0.15733333333333333,0.7625201938610662,3.4977990544085604,0.11235266666666666,3.2929115646258498,2
apples,bananas,0.15733333333333333,0.7217125382262997,3.4977990544085604,0.11235266666666666,2.8519670329670324,2
"bananas, soda",apples,0.04066666666666666,0.7624999999999998,3.497706422018348,0.029039999999999996,3.2926315789473666,3
"apples, diapers",bananas,0.051666666666666666,0.7209302325581395,3.494007589134763,0.036879444444444444,2.8439722222222215,3
"apples, butter",bananas,0.079,0.7203647416413375,3.4912669223328145,0.05637211111111111,2.8382210144927544,3
bananas,"apples, butter",0.079,0.38287560581583197,3.4912669223328145,0.05637211111111111,1.4427129144851658,3
"apples, cereal",bananas,0.051,0.7183098591549296,3.481307879587704,0.03635033333333333,2.817516666666667,3
"apples, wipes",formula,0.04066666666666666,0.8187919463087248,3.4694573996132405,0.02894533333333333,4.216148148148147,3
"apples, formula",wipes,0.04066666666666666,0.8026315789473684,3.459618874773139,0.028911999999999997,3.891199999999999,3
"formula, salsa",wipes,0.051333333333333335,0.8020833333333334,3.4572557471264367,0.036485333333333335,3.8804210526315797,3
"bananas, beer",apples,0.03133333333333333,0.752,3.44954128440367,0.02225,3.153225806451613,3
"bananas, wipes",apples,0.03333333333333333,0.7518796992481203,3.4489894460922947,0.023668666666666664,3.151696969696969,3
"salsa, wipes",formula,0.051333333333333335,0.8062827225130891,3.416452214038513,0.03630800000000001,3.9438918918918935,3
"coffee, wipes",formula,0.04766666666666667,0.803370786516854,3.4041135021900595,0.033664,3.885485714285716,3
"beer, wipes",formula,0.035333333333333335,0.8030303030303031,3.402670775552132,0.024949333333333337,3.8787692307692323,3
"eggs, formula",wipes,0.03866666666666667,0.7891156462585034,3.401360544217687,0.027298666666666666,3.641806451612903,3
"cream, wipes",formula,0.050666666666666665,0.7999999999999999,3.389830508474576,0.03572,3.819999999999999,3
"cereal, wipes",formula,0.059333333333333335,0.7982062780269058,3.3822299916394316,0.04179066666666667,3.786044444444444,3
"milk, wipes",formula,0.054,0.7980295566502463,3.3814811722468066,0.03803066666666667,3.782731707317074,3
formula,"bread, wipes",0.08666666666666667,0.36723163841807915,3.3794322553810967,0.061021333333333344,1.408625,3
"bread, wipes",formula,0.08666666666666667,0.7975460122699387,3.3794322553810963,0.061021333333333344,3.773696969696971,3
"cereal, formula",wipes,0.059333333333333335,0.780701754385965,3.3650937689050213,0.04170133333333333,3.5020800000000016,3
"pasta, wipes",formula,0.07533333333333334,0.7929824561403509,3.36009515313708,0.05291333333333334,3.6905084745762715,3
"chips, formula",wipes,0.07066666666666667,0.7794117647058824,3.3595334685598375,0.049631999999999996,3.4816000000000003,3
"beer, formula",wipes,0.035333333333333335,0.7794117647058824,3.3595334685598375,0.024815999999999998,3.4816000000000003,3
"bread, formula",wipes,0.08666666666666667,0.7784431137724551,3.355358249019203,0.060837333333333334,3.466378378378379,3
wipes,"bread, formula",0.08666666666666667,0.3735632183908046,3.355358249019203,0.060837333333333334,1.4186055045871562,3
wipes,"butter, formula",0.08533333333333333,0.367816091954023,3.3539461272403313,0.05989066666666666,1.4083454545454546,3
"butter, formula",wipes,0.08533333333333333,0.7781155015197568,3.353946127240331,0.05989066666666666,3.4612602739726026,3
"formula, sugar",wipes,0.04766666666666667,0.7771739130434784,3.3498875562218893,0.03343733333333333,3.446634146341465,3
"eggs, wipes",formula,0.03866666666666667,0.7891156462585034,3.343710365502133,0.02710266666666667,3.6228387096774193,3
"formula, milk",wipes,0.054,0.7751196172248803,3.341032832865863,0.037837333333333334,3.415148936170212,3
wipes,formula,0.18266666666666667,0.7873563218390804,3.336255601013053,0.12791466666666668,3.5928648648648647,2
formula,wipes,0.18266666666666667,0.7740112994350283,3.336255601013053,0.12791466666666668,3.3984000000000014,2
"coffee, formula",wipes,0.04766666666666667,0.772972972972973,3.331780055917987,0.03336,3.3828571428571426,3
formula,"butter, wipes",0.08533333333333333,0.3615819209039548,3.3274409899136947,0.059688000000000005,1.3961592920353982,3
"butter, wipes",formula,0.08533333333333333,0.7852760736196319,3.3274409899136947,0.059688000000000005,3.5580571428571433,3
"bananas, formula",wipes,0.03666666666666667,0.7692307692307692,3.3156498673740047,0.025608,3.327999999999999,3
"pasta_sauce, wipes",formula,0.07266666666666667,0.7785714285714286,3.299031476997579,0.050640000000000004,3.4503225806451616,3
"sugar, wipes",formula,0.04766666666666667,0.7771739130434784,3.2931098010316884,0.033192000000000006,3.42868292682927,3
"cream, formula",wipes,0.050666666666666665,0.763819095477387,3.29232368740253,0.035277333333333334,3.2517446808510653,3
"formula, pasta",wipes,0.07533333333333334,0.7609427609427609,3.279925693718797,0.05236533333333333,3.212619718309859,3
"formula, soda",wipes,0.043,0.7588235294117647,3.2707910750507097,0.02985333333333333,3.1843902439024387,3
"parmesan, wipes",formula,0.037,0.7708333333333333,3.2662429378531073,0.025672,3.333818181818181,3
"formula, pasta_sauce",wipes,0.07266666666666667,0.7569444444444444,3.2626915708812256,0.05039466666666667,3.1597714285714282,3
"apples, wipes",bananas,0.03333333333333333,0.6711409395973155,3.2527024536218843,0.023085444444444443,2.4133945578231293,3
"soda, wipes",formula,0.043,0.7633136094674555,3.234379701133286,0.02970533333333333,3.2278999999999987,3
"chips, wipes",formula,0.07066666666666667,0.762589928057554,3.231313254481161,0.04879733333333334,3.2180606060606065,3
"beer, coffee",sugar,0.041,0.8661971830985916,3.208137715179969,0.028220000000000002,5.455789473684213,3
"beer, coffee",cream,0.041666666666666664,0.880281690140845,3.189426413553786,0.028602666666666665,6.047529411764702,3
"coffee, salsa",sugar,0.06466666666666666,0.8584070796460176,3.179285480170435,0.04432666666666667,5.155624999999996,3
"coffee, parmesan",sugar,0.049666666666666665,0.8563218390804597,3.171562366964665,0.034006666666666664,5.080799999999996,3
"chips, coffee",sugar,0.093,0.8558282208588958,3.1697341513292434,0.06366,5.063404255319151,3
"apples, cream",coffee,0.051333333333333335,0.8415300546448088,3.147868034830956,0.035026,4.623379310344829,3
"bananas, coffee",sugar,0.048,0.8470588235294119,3.1372549019607843,0.0327,4.773076923076926,3
"bananas, sugar",coffee,0.048,0.8372093023255814,3.1317056196717514,0.03267288888888889,4.500666666666668,3
"apples, sugar",coffee,0.051333333333333335,0.8369565217391305,3.1307600563807876,0.03493688888888889,4.49368888888889,3
"chips, coffee",cream,0.09366666666666666,0.8619631901840491,3.1230550368987284,0.06367466666666666,5.244977777777779,3
"apples, cream",sugar,0.051333333333333335,0.8415300546448088,3.116777980165958,0.03486333333333333,4.606551724137932,3
"bananas, coffee",cream,0.048666666666666664,0.8588235294117647,3.1116794543904516,0.03302666666666666,5.128333333333331,3
"formula, sugar",coffee,0.051,0.8315217391304348,3.110430445625068,0.034603555555555554,4.348731182795699,3
"coffee, salsa",cream,0.06466666666666666,0.8584070796460176,3.1101705784275997,0.04387466666666666,5.113249999999996,3
"formula, parmesan",wipes,0.037,0.7207792207792207,3.1068069861173306,0.025090666666666664,2.7505116279069766,3
"coffee, diapers",sugar,0.07233333333333333,0.8378378378378378,3.103103103103103,0.049023333333333335,4.501666666666666,3
"cream, salsa",coffee,0.06466666666666666,0.829059829059829,3.1012213057100837,0.04381466666666667,4.2860999999999985,3
"cream, pasta_sauce",coffee,0.09333333333333334,0.8284023668639053,3.098761970812614,0.06321377777777779,4.269678160919541,3
coffee,"cream, pasta",0.09433333333333334,0.3528678304239402,3.095331845824037,0.06385733333333334,1.3691175337186898,3
"cream, pasta",coffee,0.09433333333333334,0.827485380116959,3.0953318458240364,0.06385733333333334,4.246983050847457,3
"coffee, soda",sugar,0.052333333333333336,0.8351063829787235,3.092986603624902,0.03541333333333334,4.427096774193552,3
"salsa, sugar",coffee,0.06466666666666666,0.825531914893617,3.088024619302807,0.04372555555555555,4.199430894308943,3
"chips, sugar",coffee,0.093,0.8254437869822485,3.087694963773997,0.06288044444444445,4.197310734463277,3
coffee,"pasta, sugar",0.09433333333333334,0.3528678304239402,3.0863075547283403,0.06376822222222223,1.36860244059088,3
"pasta, sugar",coffee,0.09433333333333334,0.8250728862973762,3.0863075547283403,0.06376822222222223,4.1884111111111135,3
"apples, coffee",sugar,0.051333333333333335,0.8324324324324325,3.083083083083083,0.03468333333333333,4.356451612903227,3
"coffee, parmesan",cream,0.04933333333333333,0.8505747126436781,3.0817924371147756,0.03332533333333333,4.845230769230768,3
"coffee, wipes",sugar,0.04933333333333333,0.8314606741573033,3.0794839783603822,0.033313333333333334,4.3313333333333315,3
coffee,"butter, sugar",0.10666666666666667,0.3990024937655861,3.0771400547474506,0.07200244444444445,1.4481479944674964,3
"butter, sugar",coffee,0.10666666666666667,0.8226221079691516,3.07714005474745,0.07200244444444445,4.130541062801931,3
"cream, salsa",sugar,0.06466666666666666,0.829059829059829,3.070591959480848,0.04360666666666666,4.270499999999998,3
"pasta_sauce, sugar",coffee,0.09266666666666666,0.8200589970501474,3.0675523580429456,0.062458,4.0717049180327844,3
"coffee, soda",cream,0.053,0.8457446808510639,3.0642923219241442,0.035704,4.693517241379313,3
"coffee, formula",sugar,0.051,0.8270270270270269,3.0630630630630624,0.03434999999999999,4.220312499999997,3
"coffee, pasta",sugar,0.09433333333333334,0.8250728862973762,3.055825504805097,0.06346333333333334,4.173166666666669,3
"bananas, sugar",cream,0.04833333333333333,0.8430232558139534,3.0544320862824397,0.032509333333333335,4.6121481481481466,3
"bread, sugar",coffee,0.10666666666666667,0.816326530612245,3.053590513512139,0.07173511111111112,3.9889629629629657,3
coffee,"bread, sugar",0.10666666666666667,0.3990024937655861,3.053590513512139,0.07173511111111112,1.4464840940525587,3
"parmesan, sugar",coffee,0.049666666666666665,0.8142076502732241,3.045664527206574,0.03335933333333334,3.9434705882352947,3
"coffee, diapers",cream,0.07233333333333333,0.8378378378378378,3.035644339992166,0.04850533333333333,4.464666666666666,3
"bananas, cream",coffee,0.048666666666666664,0.8111111111111111,3.034081463009144,0.032626666666666665,3.878823529411765,3
"apples, sugar",cream,0.051333333333333335,0.8369565217391305,3.032451165721487,0.03440533333333333,4.4405333333333346,3
"cream, pasta",sugar,0.09333333333333334,0.8187134502923976,3.032272038119991,0.06255333333333334,4.026774193548386,3
"cereal, sugar",coffee,0.06833333333333333,0.8102766798418972,3.0309601490345286,0.045788222222222216,3.8617638888888886,3
"coffee, pasta_sauce",sugar,0.09266666666666666,0.8176470588235294,3.0283224400871456,0.06206666666666666,4.003225806451613,3
"diapers, sugar",coffee,0.07233333333333333,0.8066914498141263,3.0175490641426173,0.048362444444444444,3.7901410256410246,3
"apples, coffee",cream,0.051333333333333335,0.8324324324324325,3.016059537798668,0.034313333333333335,4.320645161290324,3
"cream, pasta_sauce",sugar,0.09166666666666666,0.8136094674556212,3.013368397983782,0.06124666666666666,3.916507936507935,3
"soda, sugar",coffee,0.052333333333333336,0.8051282051282052,3.011701515442164,0.03495666666666667,3.759736842105264,3
coffee,sugar,0.21733333333333332,0.8129675810473815,3.010991040916228,0.14515333333333333,3.9030666666666662,2
sugar,coffee,0.21733333333333332,0.8049382716049381,3.0109910409162275,0.14515333333333333,3.7560759493670863,2
"sugar, wipes",coffee,0.04933333333333333,0.8043478260869565,3.008782391846471,0.03293688888888889,3.7447407407407414,3
"chips, sugar",cream,0.09333333333333334,0.8284023668639053,3.0014578509561787,0.06223733333333334,4.219172413793103,3
diapers,"formula, wipes",0.18,0.5476673427991886,2.9981788839371637,0.11996355555555555,1.8069297458893872,3
"formula, wipes",diapers,0.18,0.9854014598540145,2.9981788839371637,0.11996355555555555,45.98633333333304,3
"coffee, formula",cream,0.051,0.8270270270270269,2.9964747356051697,0.033979999999999996,4.185624999999997,3
"chips, cream",coffee,0.09366666666666666,0.8005698005698005,2.994650126819703,0.06238866666666666,3.6737999999999995,3
coffee,"chips, cream",0.09366666666666666,0.35037406483790523,2.9946501268197028,0.06238866666666666,1.3592437619961613,3
"formula, sugar",cream,0.050666666666666665,0.8260869565217391,2.993068683049779,0.03373866666666667,4.163,3
"salsa, sugar",cream,0.06466666666666666,0.825531914893617,2.9910576626580325,0.043046666666666664,4.149756097560974,3
"coffee, pasta",cream,0.09433333333333334,0.8250728862973762,2.9893945155702033,0.06277733333333334,4.138866666666669,3
"coffee, pasta_sauce",cream,0.09333333333333334,0.823529411764706,2.9838022165387894,0.062053333333333335,4.102666666666668,3
"eggs, sugar",coffee,0.04466666666666667,0.7976190476190476,2.983612397577485,0.029696,3.6202352941176463,3
"bananas, cream",sugar,0.04833333333333333,0.8055555555555556,2.983539094650206,0.03213333333333333,3.754285714285715,3
cream,"butter, sugar",0.10666666666666667,0.3864734299516908,2.9805148839462015,0.07087866666666667,1.4185748031496062,3
"butter, sugar",cream,0.10666666666666667,0.8226221079691516,2.980514883946201,0.07087866666666667,4.081681159420287,3
"coffee, wipes",cream,0.048666666666666664,0.8202247191011235,2.9718286923953747,0.03229066666666666,4.027249999999998,3
"cream, eggs",coffee,0.04466666666666667,0.7928994082840237,2.965957886349216,0.02960688888888889,3.5377333333333345,3
"cereal, coffee",sugar,0.06833333333333333,0.80078125,2.9658564814814814,0.045293333333333324,3.664313725490196,3
"cereal, sugar",cream,0.069,0.8181818181818182,2.9644268774703555,0.045724,3.982000000000001,3
coffee,cream,0.21866666666666668,0.8179551122194515,2.9636054790559836,0.14488266666666666,3.9770410958904137,2
cream,coffee,0.21866666666666668,0.7922705314009661,2.963605479055983,0.14488266666666666,3.527023255813953,2
"pasta, sugar",cream,0.09333333333333334,0.8163265306122449,2.9577048210588583,0.06177733333333334,3.941777777777778,3
"chips, cream",sugar,0.09333333333333334,0.7977207977207977,2.9545214730399914,0.06174333333333333,3.60887323943662,3
"beer, wipes",diapers,0.042666666666666665,0.9696969696969697,2.950396459524249,0.028205333333333332,22.15400000000002,3
"bread, sugar",cream,0.10633333333333334,0.8137755102040818,2.9484619934930496,0.07026933333333334,3.8877808219178114,3
cream,"bread, sugar",0.10633333333333334,0.3852657004830918,2.9484619934930496,0.07026933333333334,1.4141611001964633,3
"bread, cream",coffee,0.10666666666666667,0.7881773399014779,2.9482942889082717,0.07048755555555557,3.458868217054264,3
coffee,"bread, cream",0.10666666666666667,0.3990024937655861,2.9482942889082717,0.07048755555555557,1.438719225449516,3
sugar,"butter, coffee",0.10666666666666667,0.3950617283950617,2.9409061667126184,0.07039666666666666,1.431,3
sugar,"bread, coffee",0.10666666666666667,0.3950617283950617,2.9409061667126184,0.07039666666666666,1.431,3
"bread, coffee",sugar,0.10666666666666667,0.794044665012407,2.9409061667126184,0.07039666666666666,3.544457831325302,3
"butter, coffee",sugar,0.10666666666666667,0.794044665012407,2.9409061667126184,0.07039666666666666,3.544457831325302,3
"beer, cream",coffee,0.041666666666666664,0.7861635220125786,2.9407613042864535,0.027498,3.426294117647058,3
"pasta_sauce, sugar",cream,0.09166666666666666,0.8112094395280235,2.9391646359710992,0.06047866666666665,3.834937499999998,3
"cream, milk",coffee,0.06333333333333334,0.7851239669421488,2.936872694297315,0.041768444444444455,3.4097179487179496,3
"coffee, eggs",sugar,0.04466666666666667,0.7928994082840237,2.9366644751260136,0.029456666666666666,3.524857142857144,3
"soda, sugar",cream,0.05266666666666667,0.8102564102564103,2.935711631363805,0.03472666666666667,3.8156756756756756,3
coffee,"butter, cream",0.10666666666666667,0.3990024937655861,2.933841865923427,0.07030933333333333,1.437609958506224,3
"butter, cream",coffee,0.10666666666666667,0.7843137254901961,2.933841865923427,0.07030933333333333,3.396909090909091,3
"cereal, cream",coffee,0.069,0.7840909090909092,2.933008388120608,0.04547466666666668,3.393403508771931,3
"beer, sugar",coffee,0.041,0.7834394904458599,2.9305716600219203,0.027009555555555557,3.3831960784313733,3
"cream, diapers",coffee,0.07233333333333333,0.7833935018050541,2.930399632687235,0.047649555555555556,3.3824777777777766,3
"parmesan, sugar",cream,0.04933333333333333,0.8087431693989071,2.930228874633721,0.032497333333333336,3.7854857142857146,3
"cereal, coffee",cream,0.069,0.8085937500000001,2.9296875,0.045448,3.7825306122449,3
"coffee, milk",sugar,0.063,0.7875,2.9166666666666665,0.0414,3.435294117647058,3
"cream, soda",coffee,0.053,0.7794117647058822,2.915505354261405,0.03482133333333333,3.3214222222222207,3
"cream, eggs",sugar,0.044333333333333336,0.7869822485207101,2.9147490685952224,0.029123333333333334,3.4269444444444446,3
sugar,"bread, cream",0.10633333333333334,0.39382716049382716,2.9100529100529102,0.06979333333333333,1.4264358452138493,3
"bread, cream",sugar,0.10633333333333334,0.7857142857142857,2.91005291005291,0.06979333333333333,3.4066666666666663,3
"milk, sugar",coffee,0.063,0.7777777777777778,2.9093931837073983,0.041346,3.297,3
"cream, milk",sugar,0.06333333333333334,0.7851239669421488,2.9078665442301808,0.04155333333333334,3.397307692307693,3
sugar,cream,0.21666666666666667,0.8024691358024691,2.9074968688495257,0.14214666666666664,3.66525,2
cream,sugar,0.21666666666666667,0.7850241545893719,2.9074968688495253,0.14214666666666664,3.3957303370786507,2
"butter, cream",sugar,0.10666666666666667,0.7843137254901961,2.904865649963689,0.06994666666666667,3.3845454545454543,3
sugar,"butter, cream",0.10666666666666667,0.3950617283950617,2.9048656499636887,0.06994666666666667,1.4282448979591835,3
"cereal, cream",sugar,0.069,0.7840909090909092,2.904040404040404,0.04524,3.3810526315789486,3
"cream, parmesan",coffee,0.04933333333333333,0.774869109947644,2.898512880103407,0.03231311111111111,3.2544031007751943,3
"diapers, sugar",cream,0.07166666666666667,0.7992565055762082,2.8958569042616236,0.046918666666666664,3.606592592592593,3
"sugar, wipes",cream,0.049,0.798913043478261,2.8946124763705106,0.032072,3.6004324324324344,3
"bread, coffee",cream,0.10666666666666667,0.794044665012407,2.8769734239579963,0.06959066666666666,3.51532530120482,3
cream,"butter, coffee",0.10666666666666667,0.3864734299516908,2.8769734239579963,0.06959066666666666,1.4109685039370077,3
cream,"bread, coffee",0.10666666666666667,0.3864734299516908,2.8769734239579963,0.06959066666666666,1.4109685039370077,3
"butter, coffee",cream,0.10666666666666667,0.794044665012407,2.8769734239579963,0.06959066666666666,3.51532530120482,3
"cream, formula",coffee,0.051,0.7688442211055276,2.8759758894221736,0.03326688888888889,3.1695797101449275,3
"cream, diapers",sugar,0.07166666666666667,0.776173285198556,2.8747158711057628,0.04673666666666666,3.2614516129032265,3
"cream, wipes",coffee,0.048666666666666664,0.7684210526315788,2.8743929649560305,0.03173555555555555,3.163787878787877,3
"coffee, eggs",cream,0.04466666666666667,0.7928994082840237,2.872823943058057,0.029118666666666668,3.495885714285715,3
"cream, parmesan",sugar,0.04933333333333333,0.774869109947644,2.8698855923986812,0.03214333333333333,3.2425581395348844,3
"cream, soda",sugar,0.05266666666666667,0.7745098039215685,2.8685548293391427,0.034306666666666666,3.237391304347825,3
"coffee, milk",cream,0.06333333333333334,0.7916666666666667,2.8683574879227054,0.041253333333333336,3.475200000000001,3
"eggs, sugar",cream,0.044333333333333336,0.7916666666666667,2.8683574879227054,0.028877333333333335,3.475200000000001,3
"cream, wipes",sugar,0.049,0.7736842105263158,2.8654970760233915,0.0319,3.225581395348837,3
"beer, cream",sugar,0.04066666666666666,0.7672955974842767,2.8418355462380616,0.026356666666666664,3.137027027027026,3
"milk, sugar",cream,0.06333333333333334,0.7818930041152263,2.8329456670841533,0.04097733333333334,3.3194716981132073,3
"cream, formula",sugar,0.050666666666666665,0.763819095477387,2.828959612879211,0.03275666666666667,3.0908510638297884,3
"beer, sugar",cream,0.04066666666666666,0.7770700636942675,2.8154712452690847,0.02622266666666666,3.247657142857142,3
"beer, formula",diapers,0.041666666666666664,0.9191176470588234,2.7965039971363796,0.02676711111111111,8.300121212121196,3
"bananas, cereal",milk,0.056666666666666664,0.8717948717948717,2.773472550779019,0.036234999999999996,5.348199999999996,3
"diapers, milk",cereal,0.09233333333333334,0.8906752411575563,2.7575084865559014,0.058849,6.192558823529411,3
"bananas, milk",cereal,0.056666666666666664,0.8854166666666666,2.7412280701754383,0.03599466666666666,5.908363636363635,3
"cereal, soda",milk,0.068,0.8607594936708861,2.738365303300804,0.043167666666666674,4.924333333333334,3
"bread, cereal",milk,0.13533333333333333,0.8583509513742071,2.730702920596629,0.08577344444444443,4.840601990049749,3
milk,"bread, cereal",0.13533333333333333,0.4305408271474019,2.730702920596629,0.08577344444444443,1.4791812538795777,3
"cereal, eggs",milk,0.056,0.8571428571428572,2.7268595667323132,0.035463555555555554,4.799666666666669,3
milk,"butter, cereal",0.129,0.4103923647932131,2.71783023041863,0.08153566666666667,1.4399406474820142,3
"butter, cereal",milk,0.129,0.8543046357615894,2.71783023041863,0.08153566666666667,4.706166666666667,3
"apples, cereal",milk,0.060333333333333336,0.8497652582159626,2.703388944483444,0.03801566666666667,4.563968750000005,3
"eggs, milk",cereal,0.056,0.8704663212435233,2.69494217103258,0.03522033333333333,5.226439999999999,3
"apples, milk",cereal,0.060333333333333336,0.8701923076923078,2.69409383186473,0.03793866666666667,5.215407407407413,3
"milk, pasta_sauce",cereal,0.11066666666666666,0.8691099476439791,2.6907428719627835,0.06953799999999999,5.1722800000000015,3
"cream, milk",cereal,0.07,0.8677685950413224,2.6865900775273137,0.043944666666666674,5.1198125000000045,3
"milk, pasta",cereal,0.111,0.8671875,2.6847910216718267,0.069656,5.097411764705883,3
"milk, wipes",cereal,0.058666666666666666,0.8669950738916256,2.684195275206271,0.036810333333333334,5.090037037037035,3
"cereal, salsa",milk,0.07366666666666667,0.8435114503816794,2.68349347947512,0.04621488888888889,4.381577235772358,3
"bread, milk",cereal,0.13533333333333333,0.8638297872340425,2.6743956261115867,0.08473,4.971718749999997,3
cereal,"bread, milk",0.13533333333333333,0.41898864809081526,2.6743956261115867,0.08473,1.4514920071047956,3
"diapers, salsa",wipes,0.05266666666666667,0.6196078431372548,2.670723461798512,0.032946666666666666,2.018969072164948,3
"formula, milk",cereal,0.06,0.8612440191387559,2.6663901521323714,0.037497666666666665,4.87906896551724,3
"milk, salsa",cereal,0.07366666666666667,0.8599221789883269,2.662297767765718,0.045996333333333334,4.83302777777778,3
"coffee, milk",cereal,0.06866666666666667,0.8583333333333333,2.657378740970072,0.042826666666666666,4.778823529411763,3
"butter, milk",cereal,0.129,0.8580931263858093,2.656635066209936,0.08044233333333334,4.770734374999998,3
cereal,"butter, milk",0.129,0.3993808049535604,2.656635066209936,0.08044233333333334,1.4146512027491407,3
"cereal, chips",milk,0.108,0.832904884318766,2.649750427313147,0.06724144444444444,4.10345128205128,3
milk,"cereal, pasta_sauce",0.11066666666666666,0.35206786850477195,2.647126830862947,0.06886033333333333,1.3381031096563012,3
"cereal, pasta_sauce",milk,0.11066666666666666,0.8320802005012531,2.647126830862947,0.06886033333333333,4.083298507462685,3
milk,cereal,0.2683333333333333,0.8536585365853657,2.642905686022804,0.16680366666666663,4.626166666666663,2
cereal,milk,0.2683333333333333,0.8307533539731681,2.6429056860228037,0.16680366666666663,4.05128658536585,2
"milk, soda",cereal,0.068,0.8535564853556487,2.6425897379431844,0.042267666666666676,4.622942857142861,3
milk,"cereal, pasta",0.111,0.3531283138918346,2.6418577099139746,0.06898411111111111,1.3392661202185794,3
"cereal, pasta",milk,0.111,0.8304239401496261,2.6418577099139746,0.06898411111111111,4.043416666666669,3
"milk, sugar",cereal,0.069,0.8518518518518519,2.6373122348354547,0.042837,4.569750000000001,3
"diapers, salsa",formula,0.05266666666666667,0.6196078431372548,2.625456962445995,0.032606666666666666,2.008453608247422,3
"beer, cereal",milk,0.051333333333333335,0.823529411764706,2.619923897448693,0.03173988888888889,3.885444444444446,3
"beer, milk",cereal,0.051333333333333335,0.8461538461538461,2.619671350321505,0.031738,4.4005,3
"apples, wipes",diapers,0.042666666666666665,0.8590604026845637,2.6137740446792,0.026342888888888888,4.763269841269841,3
"milk, parmesan",cereal,0.054,0.84375,2.6122291021671824,0.033327999999999997,4.332800000000001,3
"bananas, wipes",diapers,0.038,0.8571428571428571,2.607939727615184,0.02342911111111111,4.699333333333332,3
"cereal, sugar",milk,0.069,0.8181818181818182,2.6029114046081174,0.04249122222222223,3.7711666666666677,3
"chips, milk",cereal,0.108,0.8372093023255813,2.5919792641658863,0.066333,4.158714285714284,3
"cereal, diapers",milk,0.09233333333333334,0.8147058823529413,2.591853284261743,0.05670888888888889,3.700423280423282,3
"apples, diapers",wipes,0.042666666666666665,0.5953488372093023,2.566158781074579,0.026039999999999997,1.8979310344827587,3
"cereal, coffee",milk,0.06866666666666667,0.8046875,2.5599814422057263,0.04184355555555555,3.510613333333333,3
"bananas, diapers",wipes,0.038,0.5906735751295336,2.5460067893514378,0.023074666666666663,1.8762531645569616,3
"apples, formula",diapers,0.042333333333333334,0.8355263157894737,2.542169317817871,0.02568088888888889,4.081706666666666,3
"cereal, parmesan",milk,0.054,0.7980295566502463,2.5388002862680157,0.03273011111111111,3.394886178861789,3
"bread, wipes",diapers,0.09066666666666667,0.834355828220859,2.5386079966151898,0.054951555555555566,4.052864197530866,3
"cereal, wipes",diapers,0.062,0.8340807174887892,2.537770945706255,0.03756911111111111,4.046144144144144,3
"milk, wipes",diapers,0.05633333333333333,0.8325123152709359,2.5329989308446326,0.03409355555555556,4.008254901960784,3
"cereal, cream",milk,0.07,0.7954545454545455,2.5306083100356696,0.04233866666666668,3.352148148148149,3
"bananas, diapers",formula,0.03833333333333333,0.5958549222797926,2.524808992710986,0.023150666666666663,1.890410256410256,3
"chips, diapers",wipes,0.074,0.5842105263157894,2.518148820326678,0.044613333333333324,1.8470886075949364,3
"salsa, wipes",diapers,0.05266666666666667,0.8272251308900525,2.516912162951478,0.03174155555555556,3.8855959595959617,3
"cereal, formula",milk,0.06,0.7894736842105263,2.511581179885025,0.036110666666666666,3.2569166666666667,3
"cereal, wipes",milk,0.058666666666666666,0.7892376681614349,2.51083033349343,0.03530122222222222,3.2532695035460986,3
"eggs, wipes",diapers,0.04033333333333333,0.8231292517006802,2.5044500558844227,0.024228666666666666,3.795615384615383,3
"formula, salsa",diapers,0.05266666666666667,0.8229166666666666,2.503803245436105,0.031632,3.791058823529411,3
"apples, diapers",formula,0.042333333333333334,0.5906976744186047,2.5029562475364604,0.02542,1.8665909090909092,3
"butter, wipes",diapers,0.08933333333333333,0.8220858895705522,2.5012755260767308,0.05361822222222223,3.773356321839081,3
"chips, diapers",beer,0.059666666666666666,0.47105263157894733,2.501164415463437,0.03581111111111111,1.5344941956882256,3
"pasta, wipes",diapers,0.078,0.8210526315789474,2.4981317390840183,0.04677666666666667,3.7515686274509803,3
"coffee, wipes",diapers,0.048666666666666664,0.8202247191011235,2.4956127356017954,0.029165777777777773,3.7342916666666643,3
wipes,diapers,0.19,0.8189655172413792,2.4917814926208295,0.11374933333333333,3.7083174603174585,2
diapers,wipes,0.19,0.5780933062880325,2.4917814926208295,0.11374933333333333,1.8203076923076924,2
"pasta_sauce, wipes",diapers,0.07633333333333334,0.8178571428571428,2.4884091567661546,0.04565777777777778,3.6857516339869276,3
"diapers, sugar",beer,0.042,0.4684014869888476,2.487087541533704,0.02511277777777778,1.5268414918414916,3
"soda, wipes",diapers,0.046,0.8165680473372781,2.484486959444051,0.02748511111111111,3.6598494623655906,3
"cream, wipes",diapers,0.051666666666666666,0.8157894736842104,2.4821180740898896,0.03085111111111111,3.64438095238095,3
"butter, diapers",wipes,0.08933333333333333,0.5751072961373391,2.4789107592126687,0.053296,1.807515151515152,3
wipes,"butter, diapers",0.08933333333333333,0.3850574712643678,2.4789107592126682,0.053296,1.3735700934579438,3
wipes,"bread, diapers",0.09066666666666667,0.39080459770114945,2.4682395644283126,0.05393333333333334,1.3816037735849056,3
"bread, diapers",wipes,0.09066666666666667,0.5726315789473685,2.468239564428312,0.05393333333333334,1.7970443349753698,3
"diapers, pasta_sauce",wipes,0.07633333333333334,0.5725,2.467672413793103,0.0454,1.7964912280701755,3
"coffee, formula",diapers,0.05,0.8108108108108109,2.466970012608958,0.029732222222222226,3.5484761904761912,3
"formula, sugar",diapers,0.049666666666666665,0.8097826086956522,2.4638416086074613,0.029508444444444445,3.529295238095239,3
"bread, formula",diapers,0.09,0.8083832335329341,2.4595838748466554,0.05340844444444444,3.503520833333332,3
"diapers, parmesan",wipes,0.038,0.57,2.4568965517241375,0.022533333333333332,1.7860465116279067,3
"cereal, formula",diapers,0.06133333333333333,0.8070175438596491,2.4554286324330095,0.03635466666666666,3.478727272727272,3
"coffee, diapers",formula,0.05,0.5791505791505792,2.4540278777566917,0.029625333333333337,1.815376146788991,3
"butter, formula",diapers,0.08833333333333333,0.8054711246200609,2.450723502900794,0.052289555555555554,3.4510729166666683,3
"sugar, wipes",diapers,0.04933333333333333,0.8043478260869565,2.447305758885263,0.029175111111111113,3.4312592592592597,3
"bananas, formula",diapers,0.03833333333333333,0.804195804195804,2.4468432176342922,0.022666888888888886,3.4285952380952356,3
"formula, milk",diapers,0.056,0.8038277511961722,2.4457233809214167,0.03310288888888889,3.422162601626016,3
"beer, eggs",diapers,0.03266666666666666,0.8032786885245902,2.444052804841552,0.019300888888888888,3.412611111111111,3
"eggs, formula",diapers,0.03933333333333333,0.802721088435374,2.4423562528459657,0.023228666666666665,3.4029655172413773,3
"beer, sugar",diapers,0.042,0.802547770700637,2.4418289169390577,0.024799777777777778,3.3999784946236566,3
"diapers, soda",beer,0.03766666666666667,0.45934959349593496,2.4390243902439024,0.022223333333333335,1.5012781954887218,3
"diapers, eggs",wipes,0.04033333333333333,0.5654205607476636,2.4371575894295843,0.023784,1.7672258064516129,3
"cream, diapers",formula,0.053,0.5740072202166064,2.4322339839686715,0.031209333333333332,1.7934576271186438,3
"diapers, eggs",beer,0.03266666666666666,0.4579439252336448,2.431560664957406,0.01923222222222222,1.4973850574712642,3
"cream, formula",diapers,0.053,0.7989949748743719,2.431019193329732,0.031198444444444445,3.3398833333333338,3
"coffee, diapers",wipes,0.048666666666666664,0.5637065637065637,2.429769671148981,0.02863733333333333,1.760283185840708,3
"chips, wipes",diapers,0.074,0.7985611510791367,2.4296992426342903,0.04354355555555556,3.3326904761904768,3
formula,diapers,0.18833333333333332,0.7980225988700566,2.4280606456492593,0.11076799999999999,3.323804195804197,2
diapers,formula,0.18833333333333332,0.5730223123732251,2.428060645649259,0.11076799999999999,1.7893206650831353,2
"diapers, pasta",beer,0.06333333333333334,0.4567307692307693,2.425119128658952,0.03721777777777779,1.4940412979351034,3
"diapers, pasta",wipes,0.078,0.5625,2.424568965517241,0.04582933333333333,1.7554285714285716,3
"beer, cereal",diapers,0.049666666666666665,0.7967914438502673,2.424314737881138,0.029179777777777777,3.303666666666666,3
"beer, soda",diapers,0.03766666666666667,0.795774647887324,2.4212210381967263,0.02210977777777778,3.2872183908045987,3
"diapers, soda",wipes,0.046,0.5609756097560975,2.417998317914213,0.026975999999999997,1.7493333333333332,3
"chips, formula",diapers,0.072,0.7941176470588234,2.4161794535258316,0.042200888888888885,3.2607619047619023,3
"cream, diapers",wipes,0.051666666666666666,0.5595667870036101,2.4119258060500433,0.030245333333333332,1.7437377049180327,3
formula,"butter, diapers",0.08833333333333333,0.3742937853107345,2.409616643631338,0.05167466666666667,1.349941309255079,3
"butter, diapers",formula,0.08833333333333333,0.5686695278969958,2.409616643631338,0.05167466666666667,1.77126368159204,3
"parmesan, wipes",diapers,0.038,0.7916666666666666,2.4087221095334685,0.022223999999999997,3.2223999999999995,3
formula,"bread, diapers",0.09,0.3813559322033898,2.408563782337199,0.05263333333333333,1.3605022831050229,3
"bread, diapers",formula,0.09,0.5684210526315789,2.408563782337199,0.05263333333333333,1.7702439024390244,3
"chips, diapers",formula,0.072,0.5684210526315788,2.4085637823371986,0.04210666666666666,1.770243902439024,3
"diapers, pasta_sauce",beer,0.060333333333333336,0.4525,2.4026548672566372,0.035222222222222224,1.482496194824962,3
"salsa, soda",chips,0.06433333333333334,0.9554455445544556,2.4006169461167226,0.037534666666666675,13.51155555555561,3
"beer, coffee",diapers,0.037333333333333336,0.7887323943661972,2.399794303345428,0.02177644444444445,3.177644444444445,3
"formula, soda",diapers,0.04466666666666667,0.7882352941176471,2.39828182794416,0.026042222222222224,3.1701851851851863,3
"beer, pasta_sauce",diapers,0.060333333333333336,0.7869565217391306,2.3943910397742307,0.03513555555555556,3.151156462585036,3
"parmesan, pasta",pasta_sauce,0.167,0.9920792079207921,2.3886337269360967,0.09708555555555556,73.81416666666661,3
pasta_sauce,"parmesan, pasta",0.167,0.40208667736757625,2.3886337269360967,0.09708555555555556,1.3909485458612973,3
"diapers, pasta_sauce",formula,0.075,0.5625,2.3834745762711864,0.043533333333333334,1.7462857142857142,3
"formula, pasta_sauce",diapers,0.075,0.78125,2.377028397565923,0.043447999999999994,3.068952380952381,3
"cream, diapers",beer,0.04133333333333333,0.44765342960288806,2.376920865148078,0.02394388888888889,1.4694880174291935,3
"beer, cream",diapers,0.04133333333333333,0.779874213836478,2.372842435607945,0.023914,3.0497714285714292,3
"diapers, sugar",wipes,0.04933333333333333,0.550185873605948,2.3714908345083963,0.028530666666666663,1.7073719008264463,3
"beer, pasta",diapers,0.06333333333333334,0.778688524590164,2.369234861836199,0.03660177777777779,3.0334320987654335,3
"cereal, diapers",wipes,0.062,0.5470588235294118,2.3580121703853956,0.035706666666666664,1.6955844155844157,3
"formula, pasta",diapers,0.07666666666666666,0.7744107744107743,2.3562193947589485,0.044128666666666656,2.975910447761193,3
"diapers, milk",beer,0.046,0.44372990353697744,2.356087983382181,0.02647611111111111,1.4591233140655107,3
"diapers, parmesan",formula,0.037,0.5549999999999999,2.351694915254237,0.021266666666666666,1.7168539325842695,3
"diapers, sugar",formula,0.049666666666666665,0.553903345724907,2.3470480751055383,0.02850533333333333,1.712633333333333,3
"diapers, pasta",formula,0.07666666666666666,0.5528846153846154,2.3427314211212518,0.04394133333333333,1.708731182795699,3
"diapers, milk",wipes,0.05633333333333333,0.5434083601286174,2.3422774143474885,0.03228266666666667,1.6820281690140846,3
"parmesan, pasta_sauce",pasta,0.167,0.9842829076620826,2.3379641512163483,0.09557033333333335,36.838875000000186,3
pasta,"parmesan, pasta_sauce",0.167,0.3966745843230404,2.3379641512163483,0.09557033333333335,1.3762611548556432,3
"diapers, eggs",formula,0.03933333333333333,0.5514018691588785,2.336448598130841,0.022498666666666667,1.7030833333333333,3
"cereal, diapers",beer,0.049666666666666665,0.43823529411764706,2.3269130661114006,0.02832222222222222,1.4448516579406632,3
"beer, chips",diapers,0.059666666666666666,0.7617021276595745,2.3175521125544862,0.03392111111111111,2.8172023809523807,3
"chips, formula",salsa,0.055,0.6066176470588235,2.3123925554974214,0.031215111111111114,1.875190031152648,3
"diapers, soda",formula,0.04466666666666667,0.5447154471544715,2.308116301501998,0.025314666666666666,1.6780714285714284,3
"beer, milk",diapers,0.046,0.7582417582417582,2.3070236051980473,0.026060888888888887,2.7768787878787875,3
"coffee, diapers",beer,0.037333333333333336,0.43243243243243246,2.296101411145659,0.021073888888888892,1.430079365079365,3
"cereal, diapers",formula,0.06133333333333333,0.5411764705882353,2.293120638085743,0.03458666666666667,1.665128205128205,3
"diapers, milk",formula,0.056,0.5401929260450161,2.288953076461933,0.03153466666666667,1.6615664335664337,3
beer,diapers,0.14166666666666666,0.752212389380531,2.2886786695148005,0.07976777777777777,2.7093095238095244,2
diapers,beer,0.14166666666666666,0.43103448275862066,2.2886786695148,0.07976777777777777,1.4265656565656564,2
"beer, butter",diapers,0.06666666666666667,0.7490636704119851,2.2790983886774394,0.037415333333333335,2.6753134328358215,3
"butter, diapers",beer,0.06666666666666667,0.4291845493562232,2.2788560142808314,0.03741222222222222,1.4219423558897244,3
beer,"butter, diapers",0.06666666666666667,0.35398230088495575,2.278856014280831,0.03741222222222222,1.307497716894977,3
"beer, salsa",chips,0.045,0.9060402684563759,2.2764830865738084,0.025232666666666664,6.407000000000002,3
"beer, bread",diapers,0.067,0.7472118959107806,2.2734641863411174,0.03752955555555556,2.6557156862745095,3
beer,"bread, diapers",0.067,0.3557522123893806,2.2468560782487197,0.037180555555555564,1.3064331501831503,3
"bread, diapers",beer,0.067,0.4231578947368422,2.2468560782487197,0.037180555555555564,1.407086374695864,3
"bananas, chips",salsa,0.05,0.5882352941176471,2.2423200538156816,0.02770166666666667,1.7914761904761907,3
"chips, wipes",salsa,0.05433333333333333,0.5863309352517986,2.23506074428894,0.030023777777777778,1.7832289855072465,3
"coffee, soda",chips,0.05533333333333333,0.8829787234042553,2.2185395060408424,0.030392,5.144363636363636,3
"pasta, soda",pasta_sauce,0.09733333333333333,0.9211356466876971,2.217822584320298,0.053446444444444435,7.413573333333328,3
"apples, chips",salsa,0.053,0.5802919708029197,2.2120405494393385,0.02904022222222222,1.7575710144927537,3
"pasta, salsa",pasta_sauce,0.092,0.9169435215946844,2.2077291852199465,0.050328222222222226,7.039386666666668,3
"bananas, salsa",chips,0.05,0.8771929824561404,2.2040024684827646,0.027314,4.902000000000002,3
"beer, pasta_sauce",pasta,0.071,0.9260869565217391,2.199731488175152,0.03872333333333333,7.833529411764704,3
"bananas, pasta_sauce",pasta,0.08033333333333334,0.9233716475095787,2.193281823063132,0.04370633333333335,7.555950000000013,3
"formula, parmesan",diapers,0.037,0.7207792207792207,2.1930402254945864,0.020128444444444442,2.4043100775193795,3
"cream, soda",chips,0.059333333333333335,0.8725490196078431,2.192334220120209,0.03226933333333333,4.7233846153846155,3
"beer, chips",salsa,0.045,0.5744680851063829,2.189840222768931,0.024450555555555555,1.7335166666666666,3
"diapers, salsa",beer,0.035,0.411764705882353,2.1863612701717856,0.01899166666666667,1.3798333333333335,3
"diapers, pasta_sauce",pasta,0.12233333333333334,0.9175,2.179334916864608,0.06620000000000001,7.018181818181816,3
salsa,"butter, chips",0.104,0.39644218551461247,2.1782537665638046,0.05625533333333334,1.3552968421052634,3
"butter, chips",salsa,0.104,0.5714285714285714,2.1782537665638046,0.05625533333333334,1.7212222222222222,3
"soda, sugar",chips,0.05633333333333333,0.8666666666666666,2.1775544388609713,0.030463333333333332,4.514999999999997,3
"formula, pasta_sauce",pasta,0.088,0.9166666666666666,2.1773555027711797,0.047583999999999994,6.947999999999997,3
"chips, diapers",salsa,0.07233333333333333,0.5710526315789474,2.176820704875276,0.03910444444444444,1.719713701431493,3
"chips, sugar",salsa,0.06433333333333334,0.5710059171597633,2.17664263212108,0.03477711111111112,1.7195264367816094,3
"pasta, sugar",pasta_sauce,0.10333333333333333,0.9037900874635569,2.1760596006345674,0.05584688888888889,6.076989898989904,3
"milk, pasta",pasta_sauce,0.11566666666666667,0.9036458333333334,2.17571227929374,0.062504,6.067891891891894,3
"cereal, pasta",pasta_sauce,0.12066666666666667,0.9027431421446385,2.173538865516786,0.06515044444444446,6.011572649572654,3
"chips, pasta",pasta_sauce,0.142,0.9025423728813559,2.1730554724270204,0.07665422222222221,5.999188405797097,3
"pasta_sauce, sugar",pasta,0.10333333333333333,0.9144542772861357,2.172100421107211,0.055760333333333335,6.7683103448275865,3
pasta,"bread, pasta_sauce",0.18333333333333332,0.43547110055423593,2.1701217635593153,0.09885266666666666,1.4159298737727912,3
"bread, pasta_sauce",pasta,0.18333333333333332,0.9136212624584718,2.1701217635593153,0.09885266666666666,6.70303846153846,3
"apples, pasta",pasta_sauce,0.082,0.9010989010989011,2.169580018697194,0.04420466666666667,5.911629629629631,3
"pasta_sauce, soda",pasta,0.09733333333333333,0.9124999999999999,2.167458432304038,0.052426666666666656,6.617142857142847,3
"eggs, pasta_sauce",pasta,0.07633333333333334,0.9123505976095618,2.167103557267368,0.04110966666666667,6.605863636363642,3
pasta,"butter, pasta_sauce",0.183,0.4346793349168646,2.1661760876255713,0.09851933333333333,1.4139467787114846,3
"butter, pasta_sauce",pasta,0.183,0.9119601328903655,2.1661760876255713,0.09851933333333333,6.5765660377358515,3
"bananas, pasta",pasta_sauce,0.08033333333333334,0.8992537313432837,2.165137394887521,0.043230222222222225,5.803358024691364,3
"formula, salsa",chips,0.055,0.859375,2.1592336683417086,0.029528,4.280888888888889,3
"chips, pasta_sauce",soda,0.086,0.5454545454545454,2.1587910769968817,0.046162888888888885,1.6441333333333334,3
"milk, pasta_sauce",pasta,0.11566666666666667,0.9083769633507854,2.1576649960826257,0.06205933333333334,6.319371428571435,3
"bread, chips",salsa,0.10466666666666667,0.5657657657657658,2.1566674679762357,0.05613500000000001,1.6987759336099586,3
salsa,"bread, chips",0.10466666666666667,0.3989834815756036,2.1566674679762357,0.05613500000000001,1.3560359408033826,3
"butter, pasta",pasta_sauce,0.183,0.8955954323001631,2.156329291252399,0.09813355555555554,5.6000104166666675,3
pasta_sauce,"butter, pasta",0.183,0.4406099518459069,2.156329291252399,0.09813355555555554,1.4223825920612148,3
"apples, pasta_sauce",pasta,0.082,0.9077490774907749,2.1561735807381828,0.04396966666666667,6.276360000000001,3
"chips, eggs",salsa,0.04466666666666667,0.5654008438818565,2.1552764061570135,0.023942333333333336,1.6973495145631068,3
"cereal, pasta_sauce",pasta,0.12066666666666667,0.9072681704260651,2.155031283672364,0.06467366666666667,6.243810810810807,3
"pasta_sauce, wipes",pasta,0.08466666666666667,0.9071428571428571,2.154733627417713,0.045373333333333335,6.235384615384615,3
"cream, pasta",pasta_sauce,0.102,0.894736842105263,2.1542620596434907,0.05465199999999999,5.554333333333328,3
"chips, eggs",soda,0.043,0.5443037974683543,2.1542366654420357,0.023039333333333332,1.6399814814814813,3
pasta_sauce,pasta,0.37666666666666665,0.9069020866773675,2.1541617260745074,0.20181133333333331,6.219258620689649,2
pasta,pasta_sauce,0.37666666666666665,0.894695170229612,2.1541617260745074,0.20181133333333331,5.552135338345861,2
"bread, pasta",pasta_sauce,0.18333333333333332,0.8943089430894309,2.153231805191246,0.09818999999999999,5.5318461538461525,3
pasta_sauce,"bread, pasta",0.18333333333333332,0.44141252006420545,2.153231805191246,0.09818999999999999,1.4232327586206897,3
"cream, pasta_sauce",pasta,0.102,0.9053254437869822,2.1504167310854685,0.05456733333333333,6.115687499999997,3
"coffee, pasta",pasta_sauce,0.102,0.892128279883382,2.1479814122392824,0.05451355555555555,5.420018018018019,3
"beer, parmesan",pasta_sauce,0.033,0.891891891891892,2.1474122597718104,0.01763266666666667,5.408166666666672,3
"pasta, wipes",pasta_sauce,0.08466666666666667,0.8912280701754386,2.145813973135085,0.04521,5.3751612903225805,3
"salsa, wipes",chips,0.05433333333333333,0.8534031413612565,2.144228998395117,0.028994,4.106499999999999,3
"beer, salsa",diapers,0.035,0.7046979865771813,2.1441115210259065,0.018676222222222226,2.2733787878787886,3
"formula, pasta",pasta_sauce,0.088,0.8888888888888888,2.140181915462814,0.04688199999999999,5.261999999999998,3
"chips, pasta_sauce",pasta,0.142,0.9006342494714586,2.1392737517136786,0.07562233333333332,5.826957446808503,3
"diapers, salsa",chips,0.07233333333333333,0.8509803921568627,2.1381416888363383,0.03850333333333333,4.039736842105262,3
"coffee, pasta_sauce",pasta,0.102,0.9,2.137767220902613,0.054286666666666664,5.790000000000001,3
"chips, parmesan",salsa,0.04766666666666667,0.55859375,2.1293281448538757,0.025280888888888894,1.6711740412979352,3
"diapers, pasta",pasta_sauce,0.12233333333333334,0.8822115384615385,2.1241048277565135,0.06474044444444445,4.963700680272113,3
"pasta_sauce, salsa",pasta,0.092,0.8932038834951457,2.1216244263542654,0.048637,5.421545454545456,3
"chips, pasta",soda,0.08433333333333333,0.5360169491525424,2.121439112740933,0.04458044444444444,1.6106910197869104,3
"beer, parmesan",pasta,0.033,0.891891891891892,2.118508056750337,0.017423,5.355750000000005,3
"chips, coffee",salsa,0.06,0.5521472392638037,2.104754406342327,0.03149311111111111,1.6471187214611873,3
"bananas, soda",chips,0.04466666666666667,0.8374999999999999,2.104271356783919,0.02344,3.7046153846153826,3
"apples, salsa",chips,0.053,0.8368421052631578,2.102618354932557,0.02779333333333333,3.689677419354837,3
"beer, pasta",pasta_sauce,0.071,0.8729508196721312,2.1018077520195773,0.037219555555555554,4.601892473118281,3
salsa,chips,0.21933333333333332,0.8360864040660737,2.1007196082062154,0.11492466666666666,3.6726666666666667,2
chips,salsa,0.21933333333333332,0.5510887772194304,2.1007196082062154,0.11492466666666666,1.6432350746268654,2
"eggs, pasta",pasta_sauce,0.07633333333333334,0.870722433460076,2.0964424561639072,0.03992244444444445,4.522568627450981,3
"chips, cream",salsa,0.06433333333333334,0.5498575498575499,2.096026238338818,0.03364033333333334,1.638740506329114,3
"apples, soda",chips,0.046,0.8313253012048193,2.0887570382030636,0.023977333333333333,3.569,3
"bananas, chips",soda,0.04466666666666667,0.5254901960784314,2.079776501629676,0.02319,1.5749586776859505,3
"chips, milk",salsa,0.07033333333333333,0.545219638242894,2.0783467785624934,0.036492333333333335,1.622028409090909,3
"cereal, soda",chips,0.06533333333333333,0.8270042194092826,2.0779000487670416,0.03389133333333332,3.479853658536583,3
"cereal, chips",salsa,0.07066666666666667,0.5449871465295629,2.0774605331495413,0.03665077777777778,1.6211996233521655,3
"bread, eggs",butter,0.16666666666666666,0.9900990099009901,2.0742297693456497,0.08631555555555555,52.78933333333328,3
"cream, salsa",chips,0.06433333333333334,0.8247863247863249,2.0723274492118713,0.03328933333333334,3.4358048780487818,3
"chips, parmesan",soda,0.04466666666666667,0.5234375,2.071652374670185,0.02310577777777778,1.5681748633879784,3
"milk, soda",chips,0.06566666666666666,0.8242677824267782,2.071024578961754,0.033959333333333334,3.4256666666666664,3
"bread, salsa",chips,0.10466666666666667,0.8241469816272966,2.070721059365067,0.05412066666666667,3.4233134328358212,3
"pasta_sauce, salsa",parmesan,0.04633333333333333,0.44983818770226536,2.069807612126988,0.023948,1.4226117647058822,3
"cream, pasta_sauce",parmesan,0.050666666666666665,0.44970414201183434,2.0691908374777657,0.026180444444444444,1.4222652329749106,3
"pasta, salsa",parmesan,0.045,0.4485049833887043,2.0636732364510935,0.023194222222222224,1.419172690763052,3
"salsa, sugar",chips,0.06433333333333334,0.8212765957446809,2.0635090345343743,0.03315666666666667,3.3683333333333345,3
"milk, salsa",chips,0.07033333333333333,0.8210116731517509,2.062843399878771,0.03623799999999999,3.363347826086956,3
"parmesan, salsa",chips,0.04766666666666667,0.8171428571428572,2.0531227566403447,0.024450000000000003,3.2921875000000003,3
"butter, eggs",bread,0.16666666666666666,0.9900990099009901,2.052727733035916,0.08547388888888888,52.284333333333294,3
"eggs, soda",chips,0.043,0.8164556962025316,2.0513962216144006,0.02203866666666666,3.2798620689655156,3
"cream, pasta",parmesan,0.050666666666666665,0.4444444444444444,2.044989775051125,0.025890666666666666,1.4087999999999998,3
"butter, soda",chips,0.09266666666666666,0.8128654970760233,2.0423756207940285,0.04729466666666666,3.216937499999998,3
"bread, soda",chips,0.09366666666666666,0.8121387283236994,2.040549568652511,0.047763999999999994,3.204492307692307,3
parmesan,"pasta, pasta_sauce",0.167,0.7684049079754602,2.0400130300233457,0.0851377777777778,2.691479028697573,3
"pasta, pasta_sauce",parmesan,0.167,0.44336283185840714,2.0400130300233457,0.0851377777777778,1.4060625331213565,3
"butter, salsa",chips,0.104,0.8103896103896104,2.0361547999738954,0.05292333333333333,3.174931506849316,3
"cereal, salsa",chips,0.07066666666666667,0.8091603053435115,2.033066093827918,0.035908,3.15448,3
"pasta_sauce, soda",chips,0.086,0.8062499999999999,2.0257537688442206,0.04354666666666666,3.107096774193547,3
chips,soda,0.203,0.5100502512562815,2.018668540592143,0.10243866666666668,1.525326495726496,2
soda,chips,0.203,0.8034300791556729,2.018668540592143,0.10243866666666668,3.062523489932887,2
"chips, coffee",soda,0.05533333333333333,0.5092024539877301,2.0153131424316495,0.02787688888888889,1.522691666666667,3
soda,"butter, chips",0.09266666666666666,0.36675461741424803,2.0151352605178463,0.04668133333333333,1.2917583333333333,3
"butter, chips",soda,0.09266666666666666,0.5091575091575091,2.0151352605178463,0.04668133333333333,1.5225522388059702,3
"chips, milk",soda,0.06566666666666666,0.5090439276485788,2.0146857294798632,0.03307266666666667,1.5222,3
"pasta_sauce, sugar",parmesan,0.04933333333333333,0.4365781710914454,2.0087952657581845,0.024774666666666667,1.3891308900523558,3
"chips, cream",soda,0.059333333333333335,0.5071225071225071,2.0070811627539857,0.029771333333333334,1.5162658959537572,3
"pasta, soda",chips,0.08433333333333333,0.7981072555205047,2.0052946118605646,0.04227799999999999,2.9817812499999987,3
"eggs, salsa",chips,0.04466666666666667,0.7976190476190476,2.0040679588418278,0.022378666666666665,2.974588235294117,3
soda,"bread, chips",0.09366666666666666,0.370712401055409,2.0038508165157243,0.04692333333333333,1.2951153039832286,3
"bread, chips",soda,0.09366666666666666,0.5063063063063062,2.003850816515724,0.04692333333333333,1.5137591240875912,3
"coffee, salsa",chips,0.06,0.7964601769911503,2.001156223595855,0.03001733333333333,2.957652173913042,3
"pasta, salsa",chips,0.07966666666666666,0.7940199335548173,1.9950249586804454,0.039734,2.922612903225806,3
"cereal, chips",soda,0.06533333333333333,0.5038560411311053,1.9941531970888073,0.03257088888888888,1.5062832469775473,3
"apples, chips",soda,0.046,0.5036496350364963,1.993336286424128,0.022923111111111113,1.505656862745098,3
"parmesan, soda",chips,0.04466666666666667,0.7928994082840237,1.9922095685528234,0.022246,2.9068000000000005,3
"pasta, sugar",parmesan,0.04933333333333333,0.4314868804664723,1.9853690819009464,0.02448488888888889,1.3766905982905984,3
"pasta_sauce, salsa",chips,0.08133333333333333,0.7896440129449838,1.9840301832788536,0.040339333333333324,2.861815384615384,3
"beer, soda",chips,0.037333333333333336,0.7887323943661972,1.9817396843371788,0.01849466666666667,2.8494666666666673,3
"beer, pasta_sauce",parmesan,0.033,0.4304347826086957,1.980528140837557,0.01633777777777778,1.3741475826972012,3
"chips, sugar",soda,0.05633333333333333,0.5,1.978891820580475,0.027866222222222223,1.4946666666666668,3
"diapers, parmesan",pasta_sauce,0.05466666666666667,0.8200000000000001,1.9743178170144464,0.02697777777777778,3.2481481481481493,3
"chips, pasta_sauce",salsa,0.08133333333333333,0.5158562367864693,1.9664151338747244,0.039972111111111104,1.5236521106259098,3
"coffee, parmesan",pasta_sauce,0.04733333333333333,0.8160919540229884,1.964908396524049,0.023243999999999997,3.179124999999998,3
"diapers, parmesan",pasta,0.055,0.8250000000000001,1.959619952494062,0.026933333333333333,3.3085714285714296,3
"bananas, parmesan",pasta_sauce,0.036333333333333336,0.8134328358208955,1.9585060252509523,0.01778177777777778,3.133813333333334,3
"eggs, parmesan",pasta_sauce,0.034333333333333334,0.8110236220472441,1.952705350033493,0.016750888888888888,3.093861111111111,3
"coffee, parmesan",pasta,0.04766666666666667,0.8218390804597702,1.952111830070713,0.02324866666666667,3.2498709677419364,3
"bread, salsa",butter,0.11833333333333333,0.931758530183727,1.952008093960322,0.057712,7.65907692307692,3
"bread, coffee",butter,0.125,0.9305210918114144,1.9494156951356447,0.06087822222222222,7.522666666666667,3
"butter, yogurt",bread,0.03133333333333333,0.94,1.9488597097442983,0.015255555555555553,8.627777777777771,3
"parmesan, sugar",pasta_sauce,0.04933333333333333,0.8087431693989071,1.9472146935768229,0.023998000000000002,3.056971428571429,3
"beer, bread",butter,0.08333333333333333,0.9293680297397768,1.9470000623040018,0.04053244444444444,7.399859649122794,3
"beer, butter",bread,0.08333333333333333,0.9363295880149812,1.94125000970625,0.040405666666666666,8.130411764705878,3
"butter, diapers",bread,0.14533333333333334,0.9356223175965667,1.9397836577675882,0.0704108888888889,8.041088888888908,3
"chips, diapers",soda,0.062,0.4894736842105263,1.9372309401472019,0.029995555555555553,1.4638487972508591,3
"bread, parmesan",butter,0.09533333333333334,0.9225806451612903,1.9327806812038206,0.0460088888888889,6.751111111111112,3
"bananas, parmesan",pasta,0.036333333333333336,0.8134328358208955,1.932144503137519,0.017528666666666668,3.10344,3
"butter, milk",bread,0.14,0.9312638580931264,1.9307474597646022,0.06748922222222223,7.531215053763443,3
"chips, pasta",salsa,0.07966666666666666,0.5063559322033898,1.9302005039519308,0.03839288888888889,1.4943290414878398,3
"bread, cream",butter,0.12466666666666666,0.9211822660098522,1.9298511159424279,0.060067555555555555,6.631333333333331,3
"butter, coffee",bread,0.125,0.9305210918114144,1.9292075158495114,0.060206555555555555,7.450702380952383,3
"bread, wipes",butter,0.1,0.9202453987730063,1.9278884052507115,0.048129777777777785,6.553435897435907,3
"apples, bread",butter,0.09966666666666667,0.9199999999999999,1.9273743016759775,0.04795555555555556,6.533333333333327,3
"butter, cereal",bread,0.14033333333333334,0.9293598233995586,1.9267999102962514,0.067501,7.328218750000009,3
"bananas, bread",butter,0.091,0.9191919191919191,1.925681394955138,0.043744,6.467999999999993,3
butter,"bread, pasta",0.18833333333333332,0.39455307262569833,1.9246491347595043,0.09047999999999999,1.3130795847750865,3
"bread, pasta",butter,0.18833333333333332,0.9186991869918699,1.924649134759504,0.09047999999999999,6.4288,3
"bread, sugar",butter,0.12,0.9183673469387755,1.9239539391175464,0.05762844444444445,6.402666666666668,3
"bread, diapers",butter,0.14533333333333334,0.9178947368421053,1.9229638341664217,0.06975555555555557,6.36581196581197,3
"butter, formula",bread,0.10166666666666667,0.9270516717325229,1.9220145232878845,0.04877077777777778,7.096347222222232,3
"butter, soda",bread,0.10566666666666667,0.9269005847953217,1.921701281538331,0.05068066666666667,7.081680000000004,3
"coffee, pasta_sauce",parmesan,0.04733333333333333,0.4176470588235294,1.92168892096716,0.022702222222222224,1.343973063973064,3
"bananas, pasta_sauce",parmesan,0.036333333333333336,0.41762452107279696,1.9215852196601089,0.017425333333333338,1.3439210526315788,3
"parmesan, sugar",pasta,0.04933333333333333,0.8087431693989071,1.9210051529665253,0.023652333333333334,3.027342857142857,3
"bread, pasta_sauce",butter,0.184,0.9169435215946844,1.9209710647933333,0.0882151111111111,6.292906666666667,3
butter,"bread, pasta_sauce",0.184,0.3854748603351955,1.9209710647933331,0.0882151111111111,1.3007333333333333,3
"bread, soda",butter,0.10566666666666667,0.916184971098266,1.919381922691898,0.05061422222222223,6.235954022988515,3
"butter, sugar",bread,0.12,0.9254498714652954,1.918693582858249,0.057457444444444436,6.943873563218375,3
"coffee, pasta",parmesan,0.04766666666666667,0.41690962099125367,1.9182958021069956,0.022818222222222226,1.3422733333333334,3
"butter, chips",bread,0.16833333333333333,0.924908424908425,1.9175710260713716,0.08054866666666667,6.893804878048785,3
"formula, pasta_sauce",parmesan,0.04,0.4166666666666667,1.9171779141104297,0.019136,1.3417142857142859,3
"cream, parmesan",pasta_sauce,0.050666666666666665,0.7958115183246074,1.916079097089745,0.024223777777777778,2.8633675213675223,3
"bread, formula",butter,0.10166666666666667,0.9131736526946107,1.9130732947512794,0.048523555555555556,6.0196781609195344,3
butter,bread,0.44033333333333335,0.9224860335195532,1.912548790987325,0.21009955555555557,6.678366366366375,2
bread,butter,0.44033333333333335,0.9129232895646164,1.9125487909873249,0.21009955555555557,6.002370370370369,2
"parmesan, salsa",pasta_sauce,0.04633333333333333,0.7942857142857143,1.9124054116028433,0.022105555555555552,2.8421296296296292,3
"butter, salsa",bread,0.11833333333333333,0.9220779220779222,1.9117026718961758,0.05643388888888889,6.643388888888897,3
"butter, pasta",bread,0.18833333333333332,0.9216965742251223,1.9109120405496662,0.08977655555555554,6.611034722222219,3
bread,"butter, pasta",0.18833333333333332,0.3904630269523151,1.910912040549666,0.08977655555555554,1.3053624338624337,3
"butter, wipes",bread,0.1,0.9202453987730063,1.907903383772646,0.04758644444444445,6.490743589743601,3
butter,"bread, chips",0.16833333333333333,0.3526536312849162,1.906235844783331,0.08002666666666666,1.2589859762675297,3
"bread, chips",butter,0.16833333333333333,0.9099099099099099,1.906235844783331,0.08002666666666666,5.801600000000001,3
"milk, parmesan",pasta_sauce,0.050666666666666665,0.7916666666666666,1.906099518459069,0.02408533333333333,2.8063999999999996,3
"apples, pasta_sauce",parmesan,0.037333333333333336,0.4132841328413284,1.9016141081656217,0.01770088888888889,1.3339790356394128,3
"butter, pasta_sauce",bread,0.184,0.9169435215946844,1.9010577503690762,0.08721177777777778,6.232706666666668,3
bread,"butter, pasta_sauce",0.184,0.3814789219073946,1.901057750369076,0.08721177777777778,1.292329981378026,3
"butter, cream",bread,0.12466666666666666,0.9166666666666665,1.9004837595024184,0.05906933333333332,6.21199999999999,3
"diapers, soda",chips,0.062,0.7560975609756098,1.8997426155166073,0.029363999999999994,2.4682,3
"bananas, butter",bread,0.091,0.9161073825503356,1.8993242209060173,0.04308822222222222,6.170586666666672,3
"beer, bread",eggs,0.034333333333333334,0.38289962825278806,1.895542714122713,0.016220666666666664,1.2931445783132531,3
"cream, parmesan",pasta,0.050666666666666665,0.7958115183246074,1.8902886421012053,0.023863000000000002,2.835615384615385,3
"parmesan, wipes",pasta_sauce,0.03766666666666667,0.7847222222222222,1.8893793472445157,0.01773066666666667,2.7158709677419353,3
"eggs, parmesan",pasta,0.033666666666666664,0.795275590551181,1.8890156545158694,0.015844333333333332,2.8281923076923063,3
"eggs, pasta_sauce",parmesan,0.034333333333333334,0.4103585657370518,1.8881529098330605,0.01614977777777778,1.3273603603603605,3
"apples, pasta",parmesan,0.037333333333333336,0.4102564102564103,1.8876828692779617,0.017556000000000006,1.327130434782609,3
"chips, pasta_sauce",parmesan,0.06466666666666666,0.41014799154334036,1.887184010168744,0.03040044444444444,1.3268864994026284,3
"diapers, pasta_sauce",parmesan,0.05466666666666667,0.41000000000000003,1.8865030674846628,0.025688888888888893,1.3265536723163842,3
"beer, chips",soda,0.037333333333333336,0.4765957446808511,1.8862628417447933,0.017541111111111115,1.4278319783197835,3
"cereal, parmesan",pasta_sauce,0.053,0.7832512315270935,1.8858376361005462,0.024895777777777777,2.6974393939393932,3
"apples, parmesan",pasta_sauce,0.037333333333333336,0.7832167832167832,1.885754694743459,0.01753577777777778,2.6970107526881724,3
"apples, butter",bread,0.09966666666666667,0.9088145896656535,1.8842044015182866,0.04677077777777778,5.677077777777781,3
"butter, parmesan",bread,0.09533333333333334,0.907936507936508,1.8823839141738246,0.044688333333333344,5.622931034482765,3
parmesan,pasta_sauce,0.16966666666666666,0.7806748466257669,1.8796344621808192,0.07940088888888888,2.665752913752914,2
pasta_sauce,parmesan,0.16966666666666666,0.40850722311396465,1.879634462180819,0.07940088888888888,1.3232057892356397,2
"formula, parmesan",pasta_sauce,0.04,0.7792207792207793,1.8761334973212984,0.018679555555555557,2.648196078431373,3
"bread, yogurt",butter,0.03133333333333333,0.895238095238095,1.875498802873104,0.014626666666666663,4.9890909090908995,3
"formula, pasta",parmesan,0.04033333333333333,0.4074074074074074,1.874573960463531,0.018817333333333332,1.32075,3
"bread, butter",eggs,0.16666666666666666,0.37850113550340647,1.8737679975416162,0.07771933333333332,1.2839926918392204,3
eggs,"bread, butter",0.16666666666666666,0.825082508250825,1.873767997541616,0.07771933333333332,3.1996037735849034,3
"soda, wipes",chips,0.042,0.7455621301775148,1.8732716838631025,0.019579333333333334,2.366,3
"butter, parmesan",pasta_sauce,0.08166666666666667,0.7777777777777778,1.8726591760299627,0.03805666666666667,2.6310000000000002,3
"beer, butter",eggs,0.033666666666666664,0.3782771535580524,1.8726591760299622,0.015688666666666663,1.2835301204819278,3
"butter, pasta_sauce",parmesan,0.08166666666666667,0.4069767441860465,1.8725923812241405,0.038055111111111116,1.3197908496732027,3
parmesan,"butter, pasta_sauce",0.08166666666666667,0.37576687116564417,1.8725923812241405,0.038055111111111116,1.2805045045045045,3
"bread, milk",butter,0.14,0.8936170212765958,1.8721026982051587,0.06521777777777779,4.913066666666669,3
"bread, parmesan",pasta_sauce,0.08033333333333334,0.7774193548387097,1.871796199451147,0.03741555555555556,2.626763285024155,3
"bananas, pasta",parmesan,0.036333333333333336,0.40671641791044777,1.8713945609376432,0.016918222222222227,1.3192117400419288,3
"beer, pasta",parmesan,0.033,0.40573770491803285,1.8668912802976974,0.015323555555555559,1.3170390804597703,3
"formula, parmesan",pasta,0.04033333333333333,0.7857142857142857,1.8663047166610112,0.018722,2.7019999999999995,3
"bread, cereal",butter,0.14033333333333334,0.8900634249471459,1.8646580131574284,0.06507377777777777,4.754256410256409,3
"parmesan, wipes",pasta,0.03766666666666667,0.7847222222222222,1.8639482713116917,0.017458666666666667,2.689548387096774,3
"apples, parmesan",pasta,0.037333333333333336,0.7832167832167832,1.8603724066906966,0.01726566666666667,2.6708709677419353,3
"butter, diapers",eggs,0.058333333333333334,0.3755364806866953,1.8590914885479966,0.026956,1.277896907216495,3
"pasta_sauce, wipes",parmesan,0.03766666666666667,0.4035714285714286,1.8569237510955303,0.017382222222222223,1.312255489021956,3
"pasta_sauce, soda",parmesan,0.043,0.40312499999999996,1.8548696319018403,0.019817777777777774,1.3112739965095985,3
"formula, soda",chips,0.041666666666666664,0.7352941176470588,1.8474726574046703,0.01911333333333333,2.2742222222222215,3
"apples, bread",eggs,0.04033333333333333,0.3723076923076923,1.843107387661843,0.018449999999999998,1.2713235294117646,3
"bread, pasta_sauce",parmesan,0.08033333333333334,0.40033222591362133,1.8420194443878284,0.03672177777777779,1.3051671283471837,3
parmesan,"bread, pasta_sauce",0.08033333333333334,0.36963190184049083,1.8420194443878282,0.03672177777777779,1.2680421735604217,3
parmesan,pasta,0.16833333333333333,0.7745398773006136,1.839762178861315,0.07683600000000002,2.5680816326530618,2
pasta,parmesan,0.16833333333333333,0.39984164687252577,1.839762178861315,0.07683600000000002,1.3041002638522428,2
"parmesan, soda",pasta_sauce,0.043,0.7633136094674555,1.8378337306600052,0.019602888888888885,2.4702166666666656,3
"bread, diapers",eggs,0.058666666666666666,0.3705263157894737,1.8342886920270973,0.02668333333333333,1.2677257525083614,3
"cereal, pasta_sauce",parmesan,0.053,0.39849624060150374,1.8335716592093732,0.024094666666666664,1.3011833333333334,3
"chips, pasta",parmesan,0.06266666666666666,0.3983050847457627,1.8326921077259022,0.028472888888888888,1.3007699530516432,3
"parmesan, salsa",pasta,0.045,0.7714285714285714,1.8323719036308108,0.020441666666666667,2.533124999999999,3
"bread, salsa",eggs,0.047,0.3700787401574803,1.8320729710766352,0.021345999999999997,1.266825,3
"milk, parmesan",pasta,0.04933333333333333,0.7708333333333334,1.8309580364212195,0.022389333333333334,2.5265454545454546,3
"milk, pasta_sauce",parmesan,0.050666666666666665,0.3979057591623037,1.8308547200719496,0.02299288888888889,1.2999072463768115,3
"pasta, soda",parmesan,0.042,0.39747634069400634,1.8288788682239556,0.019035111111111114,1.298980802792321,3
"cereal, parmesan",pasta,0.052,0.7684729064039408,1.8253513216245627,0.023512333333333333,2.5007872340425523,3
"diapers, pasta",parmesan,0.055,0.3966346153846154,1.8250058990089668,0.024863111111111114,1.2971686586985391,3
"chips, parmesan",pasta_sauce,0.06466666666666666,0.7578125,1.824588683788122,0.02922488888888889,2.4141075268817205,3
"pasta, wipes",parmesan,0.03766666666666667,0.39649122807017545,1.8243461414271878,0.01702,1.296860465116279,3
"coffee, eggs",butter,0.049,0.8698224852071006,1.8222538097914118,0.022110222222222226,4.0150303030303025,3
"chips, formula",soda,0.041666666666666664,0.4595588235294117,1.8188343939158775,0.01875822222222222,1.3828208616780044,3
"bread, parmesan",pasta,0.079,0.7645161290322581,1.8159528005516818,0.03549666666666667,2.458767123287671,3
"butter, parmesan",pasta,0.08,0.761904761904762,1.8097500282773444,0.03579500000000001,2.4318000000000004,3
"butter, wipes",eggs,0.03966666666666667,0.3650306748466258,1.8070825487456723,0.017716000000000003,1.256753623188406,3
"bread, coffee",eggs,0.049,0.36476426799007444,1.8057637029211604,0.021864666666666668,1.2562265625,3
"butter, coffee",eggs,0.049,0.36476426799007444,1.8057637029211604,0.021864666666666668,1.2562265625,3
"butter, formula",eggs,0.04,0.364741641337386,1.8056516897890396,0.017847333333333333,1.2561818181818183,3
"apples, butter",eggs,0.04,0.364741641337386,1.8056516897890396,0.017847333333333333,1.2561818181818183,3
"coffee, eggs",bread,0.049,0.8698224852071006,1.8033638255848665,0.02182855555555556,3.976621212121213,3
"butter, pasta",parmesan,0.08,0.3915171288743883,1.8014591819373695,0.03559155555555556,1.2862591599642537,3
parmesan,"butter, pasta",0.08,0.3680981595092025,1.8014591819373693,0.03559155555555556,1.2591618122977348,3
"butter, salsa",eggs,0.04666666666666667,0.36363636363636365,1.8001800180018002,0.020743333333333336,1.254,3
"cream, eggs",butter,0.04833333333333333,0.8579881656804733,1.7974612409507122,0.021443555555555556,3.6804444444444426,3
"chips, wipes",soda,0.042,0.4532374100719425,1.7938156071448914,0.018586222222222226,1.3668333333333336,3
"bread, wipes",eggs,0.03933333333333333,0.3619631901840491,1.7918969811091539,0.017382666666666664,1.2507115384615386,3
"cereal, pasta",parmesan,0.052,0.3890274314214464,1.7900035188103363,0.02294977777777778,1.2810176870748298,3
"butter, chips",eggs,0.06566666666666666,0.3608058608058608,1.786167627751786,0.028902666666666667,1.2484469914040117,3
"butter, sugar",eggs,0.04666666666666667,0.35989717223650386,1.7816691694876428,0.020474,1.246674698795181,3
"butter, soda",eggs,0.041,0.35964912280701755,1.7804412020149383,0.017972,1.2461917808219178,3
"cream, eggs",bread,0.04833333333333333,0.8579881656804733,1.778828263332011,0.02116188888888889,3.64523611111111,3
"butter, milk",eggs,0.054,0.35920177383592017,1.7782266031481195,0.023632666666666663,1.2453217993079584,3
"bread, chips",eggs,0.06633333333333333,0.3585585585585585,1.7750423691017747,0.028963333333333327,1.244073033707865,3
"bread, soda",eggs,0.04133333333333333,0.3583815028901734,1.7741658558919473,0.018036,1.2437297297297296,3
"milk, pasta",parmesan,0.04933333333333333,0.3854166666666667,1.7733895705521474,0.021514666666666668,1.273491525423729,3
parmesan,"bread, pasta",0.079,0.36349693251533743,1.7731557683674999,0.034446666666666674,1.2490120481927711,3
"bread, pasta",parmesan,0.079,0.3853658536585366,1.7731557683674997,0.034446666666666674,1.2733862433862433,3
"parmesan, soda",pasta,0.042,0.7455621301775148,1.7709314255997977,0.01828366666666667,2.2756046511627908,3
"apples, eggs",butter,0.04,0.8450704225352114,1.7703989298922025,0.017406222222222226,3.3735757575757592,3
"bread, sugar",eggs,0.04666666666666667,0.3571428571428572,1.7680339462517682,0.020272000000000002,1.2413333333333336,3
"bread, cream",eggs,0.04833333333333333,0.35714285714285715,1.768033946251768,0.020995999999999997,1.2413333333333336,3
"eggs, pasta",parmesan,0.033666666666666664,0.3840304182509505,1.7670111269215516,0.014613777777777774,1.270625514403292,3
"apples, eggs",bread,0.04033333333333333,0.852112676056338,1.7666468750304174,0.017502888888888887,3.500412698412698,3
"butter, cereal",eggs,0.05366666666666667,0.35540838852097134,1.7594474679256007,0.023164666666666667,1.2379931506849315,3
"butter, cream",eggs,0.04833333333333333,0.35539215686274506,1.7593671131819062,0.02086133333333333,1.2379619771863117,3
"eggs, milk",butter,0.054,0.8393782383419688,1.758473963006918,0.02329155555555555,3.254021505376341,3
"beer, eggs",bread,0.034333333333333334,0.8442622950819673,1.7503710333420193,0.014718444444444447,3.323964912280703,3
"bread, formula",eggs,0.03933333333333333,0.35329341317365265,1.7489772929388745,0.016843999999999994,1.2339444444444445,3
"eggs, sugar",butter,0.04666666666666667,0.8333333333333334,1.745810055865922,0.019936000000000002,3.1360000000000006,3
"eggs, salsa",butter,0.04666666666666667,0.8333333333333334,1.745810055865922,0.019936000000000002,3.1360000000000006,3
butter,eggs,0.16833333333333333,0.3526536312849162,1.7458100558659218,0.07191199999999999,1.2327249190938512,2
eggs,butter,0.16833333333333333,0.8333333333333333,1.7458100558659215,0.07191199999999999,3.1359999999999983,2
"butter, pasta",eggs,0.072,0.35236541598694937,1.7443832474601453,0.030724666666666657,1.232176322418136,3
eggs,"butter, pasta",0.072,0.35643564356435636,1.7443832474601453,0.030724666666666657,1.2363435897435895,3
"chips, parmesan",pasta,0.06266666666666666,0.734375,1.7443586698337292,0.026741333333333332,2.1797647058823526,3
"chips, eggs",butter,0.06566666666666666,0.8312236286919831,1.7413902835725903,0.027957333333333334,3.0967999999999987,3
"chips, eggs",bread,0.06633333333333333,0.8396624472573839,1.7408343757927793,0.02822899999999999,3.228605263157894,3
"eggs, milk",bread,0.054,0.8393782383419688,1.7402451382349042,0.022969888888888883,3.2228924731182773,3
"eggs, salsa",bread,0.047,0.8392857142857143,1.7400533122716952,0.01998933333333333,3.221037037037038,3
eggs,"bread, pasta",0.072,0.35643564356435636,1.7387104564114946,0.030589999999999992,1.2353076923076922,3
"bread, pasta",eggs,0.072,0.35121951219512193,1.7387104564114946,0.030589999999999992,1.23,3
"beer, eggs",butter,0.033666666666666664,0.8278688524590164,1.7343621210733584,0.01425511111111111,3.0364444444444447,3
"eggs, parmesan",butter,0.035,0.8267716535433072,1.732063519992962,0.014792888888888894,3.0172121212121223,3
"eggs, sugar",bread,0.04666666666666667,0.8333333333333334,1.7277125086385625,0.019656,3.106000000000001,3
eggs,bread,0.16833333333333333,0.8333333333333333,1.7277125086385623,0.07090199999999999,3.105999999999999,2
"cereal, eggs",butter,0.05366666666666667,0.8214285714285715,1.7208699122106945,0.022480888888888894,2.9269333333333343,3
"eggs, pasta",butter,0.072,0.8212927756653992,1.7205854238800262,0.030153777777777772,2.9247092198581544,3
"eggs, parmesan",bread,0.035,0.8267716535433072,1.7141084731374716,0.014581222222222225,2.9883484848484865,3
"diapers, eggs",butter,0.058333333333333334,0.8177570093457944,1.7131780922048765,0.024283555555555558,2.8679658119658122,3
"eggs, formula",butter,0.04,0.8163265306122449,1.7101812792155968,0.016610666666666666,2.8456296296296295,3
"bananas, eggs",butter,0.033666666666666664,0.814516129032258,1.706388538475401,0.013936888888888888,2.8178550724637668,3
"bananas, eggs",bread,0.034,0.8225806451612904,1.7054194440109682,0.014063555555555558,2.9177575757575767,3
"diapers, eggs",bread,0.058666666666666666,0.822429906542056,1.705106924413385,0.024260222222222225,2.915280701754386,3
"cereal, eggs",bread,0.05366666666666667,0.8214285714285715,1.7030309013722975,0.022154222222222228,2.8989333333333347,3
"eggs, pasta",bread,0.072,0.8212927756653992,1.702749362125914,0.02971544444444444,2.8967304964538996,3
"eggs, wipes",butter,0.03966666666666667,0.8095238095238095,1.6959297685554668,0.016277333333333335,2.7439999999999998,3
"eggs, pasta_sauce",butter,0.06766666666666667,0.8087649402390438,1.6943399586013488,0.027729777777777777,2.73311111111111,3
"eggs, pasta_sauce",bread,0.06766666666666667,0.8087649402390438,1.6767759645591784,0.027311444444444444,2.7069652777777775,3
"eggs, formula",bread,0.03933333333333333,0.802721088435374,1.6642455185253089,0.015698999999999998,2.6240344827586197,3
"eggs, wipes",bread,0.03933333333333333,0.802721088435374,1.6642455185253089,0.015698999999999998,2.6240344827586197,3
"eggs, soda",butter,0.041,0.7784810126582279,1.6308959762393043,0.015860444444444444,2.359466666666667,3
"eggs, soda",bread,0.04133333333333333,0.7848101265822784,1.6271115271228993,0.015930444444444445,2.405627450980392,3
